Workbook

Sheet Hoja1
A1: COD_DANE | B1: COD_DEPARTAMENTO | C1: DEPARTAMENTO | D1: COD_MUNICIPIO | E1: MUNICIPIO | F1: FECHA1erFIS
A2: 91001 | B2: =MID(A2,1,2) -> 91 | C2: =+_xlfn.XLOOKUP(A2,Hoja3!$C$3:$C$1124,Hoja3!$B$3:$B$1124) -> AMAZONAS | D2: =MID(A2,3,3) -> 001 | E2: =+_xlfn.XLOOKUP(A2,Hoja3!$C$3:$C$1124,Hoja3!$D$3:$D$1124) -> LETICIA | F2: 43921
A3: 05001 | B3: =MID(A3,1,2) -> 05 | C3: =+_xlfn.XLOOKUP(A3,Hoja3!$C$3:$C$1124,Hoja3!$B$3:$B$1124) -> ANTIOQUIA | D3: =MID(A3,3,3) -> 001 | E3: =+_xlfn.XLOOKUP(A3,Hoja3!$C$3:$C$1124,Hoja3!$D$3:$D$1124) -> MEDELLÍN | F3: 43890
A4: 81001 | B4: =MID(A4,1,2) -> 81 | C4: =+_xlfn.XLOOKUP(A4,Hoja3!$C$3:$C$1124,Hoja3!$B$3:$B$1124) -> ARAUCA | D4: =MID(A4,3,3) -> 001 | E4: =+_xlfn.XLOOKUP(A4,Hoja3!$C$3:$C$1124,Hoja3!$D$3:$D$1124) -> ARAUCA | F4: 43945
A5: 88001 | B5: =MID(A5,1,2) -> 88 | C5: =+_xlfn.XLOOKUP(A5,Hoja3!$C$3:$C$1124,Hoja3!$B$3:$B$1124) -> ARCHIPIÉLAGO DE SAN ANDRÉS, PROVIDENCIA Y SANTA CATALINA | D5: =MID(A5,3,3) -> 001 | E5: =+_xlfn.XLOOKUP(A5,Hoja3!$C$3:$C$1124,Hoja3!$D$3:$D$1124) -> SAN ANDRÉS | F5: 43912
A6: 08001 | B6: =MID(A6,1,2) -> 08 | C6: =+_xlfn.XLOOKUP(A6,Hoja3!$C$3:$C$1124,Hoja3!$B$3:$B$1124) -> ATLÁNTICO | D6: =MID(A6,3,3) -> 001 | E6: =+_xlfn.XLOOKUP(A6,Hoja3!$C$3:$C$1124,Hoja3!$D$3:$D$1124) -> BARRANQUILLA | F6: 43896
A7: 11001 | B7: =MID(A7,1,2) -> 11 | C7: =+_xlfn.XLOOKUP(A7,Hoja3!$C$3:$C$1124,Hoja3!$B$3:$B$1124) -> BOGOTÁ, D.C. | D7: =MID(A7,3,3) -> 001 | E7: =+_xlfn.XLOOKUP(A7,Hoja3!$C$3:$C$1124,Hoja3!$D$3:$D$1124) -> BOGOTÁ, D.C. | F7: 43888
A8: 13001 | B8: =MID(A8,1,2) -> 13 | C8: =+_xlfn.XLOOKUP(A8,Hoja3!$C$3:$C$1124,Hoja3!$B$3:$B$1124) -> BOLÍVAR | D8: =MID(A8,3,3) -> 001 | E8: =+_xlfn.XLOOKUP(A8,Hoja3!$C$3:$C$1124,Hoja3!$D$3:$D$1124) -> CARTAGENA DE INDIAS | F8: 43891
A9: 15001 | B9: =MID(A9,1,2) -> 15 | C9: =+_xlfn.XLOOKUP(A9,Hoja3!$C$3:$C$1124,Hoja3!$B$3:$B$1124) -> BOYACÁ | D9: =MID(A9,3,3) -> 001 | E9: =+_xlfn.XLOOKUP(A9,Hoja3!$C$3:$C$1124,Hoja3!$D$3:$D$1124) -> TUNJA | F9: 43908
A10: 17001 | B10: =MID(A10,1,2) -> 17 | C10: =+_xlfn.XLOOKUP(A10,Hoja3!$C$3:$C$1124,Hoja3!$B$3:$B$1124) -> CALDAS | D10: =MID(A10,3,3) -> 001 | E10: =+_xlfn.XLOOKUP(A10,Hoja3!$C$3:$C$1124,Hoja3!$D$3:$D$1124) -> MANIZALES | F10: 43902
A11: 18001 | B11: =MID(A11,1,2) -> 18 | C11: =+_xlfn.XLOOKUP(A11,Hoja3!$C$3:$C$1124,Hoja3!$B$3:$B$1124) -> CAQUETÁ | D11: =MID(A11,3,3) -> 001 | E11: =+_xlfn.XLOOKUP(A11,Hoja3!$C$3:$C$1124,Hoja3!$D$3:$D$1124) -> FLORENCIA | F11: 43915
A12: 85001 | B12: =MID(A12,1,2) -> 85 | C12: =+_xlfn.XLOOKUP(A12,Hoja3!$C$3:$C$1124,Hoja3!$B$3:$B$1124) -> CASANARE | D12: =MID(A12,3,3) -> 001 | E12: =+_xlfn.XLOOKUP(A12,Hoja3!$C$3:$C$1124,Hoja3!$D$3:$D$1124) -> YOPAL | F12: 43907
A13: 19001 | B13: =MID(A13,1,2) -> 19 | C13: =+_xlfn.XLOOKUP(A13,Hoja3!$C$3:$C$1124,Hoja3!$B$3:$B$1124) -> CAUCA | D13: =MID(A13,3,3) -> 001 | E13: =+_xlfn.XLOOKUP(A13,Hoja3!$C$3:$C$1124,Hoja3!$D$3:$D$1124) -> POPAYÁN | F13: 43899
... A836: 25662 | B836: =MID(A836,1,2) -> 25 | C836: =+_xlfn.XLOOKUP(A836,Hoja3!$C$3:$C$1124,Hoja3!$B$3:$B$1124) -> CUNDINAMARCA | D836: =MID(A836,3,3) -> 662 | E836: =+_xlfn.XLOOKUP(A836,Hoja3!$C$3:$C$1124,Hoja3!$D$3:$D$1124) -> SAN JUAN DE RIOSECO | F836: 43906
A837: 94663 | B837: =MID(A837,1,2) -> 94 | C837: GUAINÍA | D837: =MID(A837,3,3) -> 663 | E837: MAPIRIPANA | F837: 43999
A838: 05664 | B838: =MID(A838,1,2) -> 05 | C838: =+_xlfn.XLOOKUP(A838,Hoja3!$C$3:$C$1124,Hoja3!$B$3:$B$1124) -> ANTIOQUIA | D838: =MID(A838,3,3) -> 664 | E838: =+_xlfn.XLOOKUP(A838,Hoja3!$C$3:$C$1124,Hoja3!$D$3:$D$1124) -> SAN PEDRO DE LOS MILAGROS | F838: 44009
A839: 15664 | B839: =MID(A839,1,2) -> 15 | C839: =+_xlfn.XLOOKUP(A839,Hoja3!$C$3:$C$1124,Hoja3!$B$3:$B$1124) -> BOYACÁ | D839: =MID(A839,3,3) -> 664 | E839: =+_xlfn.XLOOKUP(A839,Hoja3!$C$3:$C$1124,Hoja3!$D$3:$D$1124) -> SAN JOSÉ DE PARE | F839: 44043
A840: 05665 | B840: =MID(A840,1,2) -> 05 | C840: =+_xlfn.XLOOKUP(A840,Hoja3!$C$3:$C$1124,Hoja3!$B$3:$B$1124) -> ANTIOQUIA | D840: =MID(A840,3,3) -> 665 | E840: =+_xlfn.XLOOKUP(A840,Hoja3!$C$3:$C$1124,Hoja3!$D$3:$D$1124) -> SAN PEDRO DE URABÁ | F840: 43932
A841: 17665 | B841: =MID(A841,1,2) -> 17 | C841: =+_xlfn.XLOOKUP(A841,Hoja3!$C$3:$C$1124,Hoja3!$B$3:$B$1124) -> CALDAS | D841: =MID(A841,3,3) -> 665 | E841: =+_xlfn.XLOOKUP(A841,Hoja3!$C$3:$C$1124,Hoja3!$D$3:$D$1124) -> SAN JOSÉ | F841: 44064
A842: 97666 | B842: =MID(A842,1,2) -> 97 | C842: =+_xlfn.XLOOKUP(A842,Hoja3!$C$3:$C$1124,Hoja3!$B$3:$B$1124) -> VAUPÉS | D842: =MID(A842,3,3) -> 666 | E842: =+_xlfn.XLOOKUP(A842,Hoja3!$C$3:$C$1124,Hoja3!$D$3:$D$1124) -> TARAIRA | F842: 43994
A843: 05667 | B843: =MID(A843,1,2) -> 05 | C843: =+_xlfn.XLOOKUP(A843,Hoja3!$C$3:$C$1124,Hoja3!$B$3:$B$1124) -> ANTIOQUIA | D843: =MID(A843,3,3) -> 667 | E843: =+_xlfn.XLOOKUP(A843,Hoja3!$C$3:$C$1124,Hoja3!$D$3:$D$1124) -> SAN RAFAEL | F843: 44012
A844: 13667 | B844: =MID(A844,1,2) -> 13 | C844: =+_xlfn.XLOOKUP(A844,Hoja3!$C$3:$C$1124,Hoja3!$B$3:$B$1124) -> BOLÍVAR | D844: =MID(A844,3,3) -> 667 | E844: =+_xlfn.XLOOKUP(A844,Hoja3!$C$3:$C$1124,Hoja3!$D$3:$D$1124) -> SAN MARTÍN DE LOBA | F844: 44033
A845: 15667 | B845: =MID(A845,1,2) -> 15 | C845: =+_xlfn.XLOOKUP(A845,Hoja3!$C$3:$C$1124,Hoja3!$B$3:$B$1124) -> BOYACÁ | D845: =MID(A845,3,3) -> 667 | E845: =+_xlfn.XLOOKUP(A845,Hoja3!$C$3:$C$1124,Hoja3!$D$3:$D$1124) -> SAN LUIS DE GACENO | F845: 44056
A846: 41668 | B846: =MID(A846,1,2) -> 41 | C846: =+_xlfn.XLOOKUP(A846,Hoja3!$C$3:$C$1124,Hoja3!$B$3:$B$1124) -> HUILA | D846: =MID(A846,3,3) -> 668 | E846: =+_xlfn.XLOOKUP(A846,Hoja3!$C$3:$C$1124,Hoja3!$D$3:$D$1124) -> SAN AGUSTÍN | F846: 43904
A847: 91669 | B847: =MID(A847,1,2) -> 91 | C847: =+_xlfn.XLOOKUP(A847,Hoja3!$C$3:$C$1124,Hoja3!$B$3:$B$1124) -> AMAZONAS | D847: =MID(A847,3,3) -> 669 | E847: =+_xlfn.XLOOKUP(A847,Hoja3!$C$3:$C$1124,Hoja3!$D$3:$D$1124) -> PUERTO SANTANDER | F847: 44006
A848: 68669 | B848: =MID(A848,1,2) -> 68 | C848: =+_xlfn.XLOOKUP(A848,Hoja3!$C$3:$C$1124,Hoja3!$B$3:$B$1124) -> SANTANDER | D848: =MID(A848,3,3) -> 669 | E848: =+_xlfn.XLOOKUP(A848,Hoja3!$C$3:$C$1124,Hoja3!$D$3:$D$1124) -> SAN ANDRÉS | F848: 44032
A849: 05670 | B849: =MID(A849,1,2) -> 05 | C849: =+_xlfn.XLOOKUP(A849,Hoja3!$C$3:$C$1124,Hoja3!$B$3:$B$1124) -> ANTIOQUIA | D849: =MID(A849,3,3) -> 670 | E849: =+_xlfn.XLOOKUP(A849,Hoja3!$C$3:$C$1124,Hoja3!$D$3:$D$1124) -> SAN ROQUE | F849: 43980
... A1124: 47980 | B1124: =MID(A1124,1,2) -> 47 | C1124: =+_xlfn.XLOOKUP(A1124,Hoja3!$C$3:$C$1124,Hoja3!$B$3:$B$1124) -> MAGDALENA | D1124: =MID(A1124,3,3) -> 980 | E1124: =+_xlfn.XLOOKUP(A1124,Hoja3!$C$3:$C$1124,Hoja3!$D$3:$D$1124) -> ZONA BANANERA | F1124: 43916

Sheet Hoja3
A1: Departamento | C1: Municipio | E1: Tipo: Municipio / Isla / Área no municipalizada | F1: Localización
A2: Código | B2: Nombre | C2: Código | D2: Nombre | F2: Longitud | G2: Latitud
A3: 05 | B3: ANTIOQUIA | C3: 05001 | D3: MEDELLÍN | E3: Municipio | F3: -75,581775 | G3: 6,246631
A4: 05 | B4: ANTIOQUIA | C4: 05002 | D4: ABEJORRAL | E4: Municipio | F4: -75,428739 | G4: 5,789315
A5: 05 | B5: ANTIOQUIA | C5: 05004 | D5: ABRIAQUÍ | E5: Municipio | F5: -76,064304 | G5: 6,632282
A6: 05 | B6: ANTIOQUIA | C6: 05021 | D6: ALEJANDRÍA | E6: Municipio | F6: -75,141346 | G6: 6,376061
A7: 05 | B7: ANTIOQUIA | C7: 05030 | D7: AMAGÁ | E7: Municipio | F7: -75,702188 | G7: 6,038708
A8: 05 | B8: ANTIOQUIA | C8: 05031 | D8: AMALFI | E8: Municipio | F8: -75,077501 | G8: 6,909655
A9: 05 | B9: ANTIOQUIA | C9: 05034 | D9: ANDES | E9: Municipio | F9: -75,878828 | G9: 5,657194
A10: 05 | B10: ANTIOQUIA | C10: 05036 | D10: ANGELÓPOLIS | E10: Municipio | F10: -75,711389 | G10: 6,109719
A11: 05 | B11: ANTIOQUIA | C11: 05038 | D11: ANGOSTURA | E11: Municipio | F11: -75,335116 | G11: 6,885175
A12: 05 | B12: ANTIOQUIA | C12: 05040 | D12: ANORÍ | E12: Municipio | F12: -75,148355 | G12: 7,074703
A13: 05 | B13: ANTIOQUIA | C13: 05042 | D13: SANTA FÉ DE ANTIOQUIA | E13: Municipio | F13: -75,826648 | G13: 6,556484
A14: 05 | B14: ANTIOQUIA | C14: 05044 | D14: ANZÁ | E14: Municipio | F14: -75,854442 | G14: 6,302641
... A1124: 99 | B1124: VICHADA | C1124: 99773 | D1124: CUMARIBO | E1124: Municipio | F1124: -69,795533 | G1124: 4,446352
